partido_id,ventana,bucket,creado_en,comentario_id,usuario_id,alias_usuario,hinchada,minuto_partido,contenido,idioma,estado_moderacion,motivo_moderacion,responde_a,mes
PAR-A-1,2030-06-09 13:00:00.000+0000,0,2030-06-09 13:00:27.639+0000,PAR-A-1-C0000200,USR-0143024,hincha_143024,VISITANTE,0,"Faltan 5 minutos, aguanten",pt,PUBLICADO,,,2030-06
PAR-A-1,2030-06-09 13:10:00.000+0000,0,2030-06-09 13:10:46.858+0000,PAR-A-1-C0000400,USR-0007501,hincha_7501,VISITANTE,10,"Joga bonito, que time",es,PUBLICADO,,,2030-06
PAR-A-1,2030-06-09 13:10:00.000+0000,0,2030-06-09 13:19:34.218+0000,PAR-A-1-C0000600,USR-0237501,hincha_237501,VISITANTE,19,Qué atajada del arquero!!,en,PENDIENTE,,,2030-06
PAR-A-1,2030-06-09 13:20:00.000+0000,0,2030-06-09 13:24:24.198+0000,PAR-A-1-C0000800,USR-0047826,hincha_47826,LOCAL,24,Ese pase fue de otro planeta,es,PUBLICADO,,,2030-06
PAR-A-1,2030-06-09 13:20:00.000+0000,0,2030-06-09 13:26:10.737+0000,PAR-A-1-C0001000,USR-0079448,hincha_79448,LOCAL,26,Nos vemos en la próxima ronda,es,PUBLICADO,,,2030-06
PAR-A-1,2030-06-09 13:30:00.000+0000,0,2030-06-09 13:30:25.268+0000,PAR-A-1-C0001200,USR-0240536,hincha_240536,LOCAL,30,Allez les bleus,ar,PUBLICADO,,,2030-06
PAR-A-1,2030-06-09 13:30:00.000+0000,0,2030-06-09 13:37:38.579+0000,PAR-A-1-C0001400,USR-0025702,hincha_25702,LOCAL,37,What a save!,es,PUBLICADO,,,2030-06
PAR-A-1,2030-06-09 13:30:00.000+0000,0,2030-06-09 13:38:14.806+0000,PAR-A-1-C0001600,USR-0011164,hincha_11164,VISITANTE,38,Con esta hinchada no se puede perder,es,PUBLICADO,,,2030-06
PAR-A-1,2030-06-09 13:40:00.000+0000,0,2030-06-09 13:41:27.225+0000,PAR-A-1-C0001800,USR-0107492,hincha_107492,VISITANTE,41,"El VAR está mirando, esperemos",es,PUBLICADO,,,2030-06
PAR-A-1,2030-06-09 13:40:00.000+0000,0,2030-06-09 13:44:25.964+0000,PAR-A-1-C0002000,USR-0142118,hincha_142118,NEUTRAL,44,"Primer tiempo aburrido, a ver el segundo",es,PUBLICADO,,,2030-06
PAR-A-1,2030-06-09 13:40:00.000+0000,0,2030-06-09 13:47:24.596+0000,PAR-A-1-C0002200,USR-0170129,hincha_170129,LOCAL,47,Con esta hinchada no se puede perder,fr,PUBLICADO,,,2030-06
PAR-A-1,2030-06-09 13:50:00.000+0000,0,2030-06-09 13:52:07.059+0000,PAR-A-1-C0002400,USR-0006981,hincha_6981,NEUTRAL,52,Tiki taka puro,es,PUBLICADO,,,2030-06
PAR-A-1,2030-06-09 13:50:00.000+0000,0,2030-06-09 13:54:49.204+0000,PAR-A-1-C0002600,USR-0169191,hincha_169191,LOCAL,54,Esa defensa está dormida,pt,PUBLICADO,,,2030-06
PAR-A-1,2030-06-09 14:00:00.000+0000,0,2030-06-09 14:04:45.627+0000,PAR-A-1-C0002800,USR-0025996,hincha_25996,VISITANTE,64,"Partidazo, se viene la remontada",ar,PUBLICADO,,,2030-06
PAR-A-1,2030-06-09 14:10:00.000+0000,0,2030-06-09 14:12:56.900+0000,PAR-A-1-C0003000,USR-0175028,hincha_175028,LOCAL,72,Allez les bleus,en,PUBLICADO,,,2030-06
PAR-A-1,2030-06-09 14:20:00.000+0000,0,2030-06-09 14:21:39.105+0000,PAR-A-1-C0003200,USR-0210732,hincha_210732,LOCAL,81,Increíble lo de este partido,en,PUBLICADO,,,2030-06
PAR-A-1,2030-06-09 14:20:00.000+0000,0,2030-06-09 14:26:19.125+0000,PAR-A-1-C0003400,USR-0027864,hincha_27864,LOCAL,86,Vamos selección! Hoy se gana,pt,PUBLICADO,,,2030-06
PAR-A-1,2030-06-09 14:20:00.000+0000,0,2030-06-09 14:29:17.991+0000,PAR-A-1-C0003600,USR-0016464,hincha_16464,NEUTRAL,89,"El VAR está mirando, esperemos",es,PUBLICADO,,,2030-06
PAR-A-1,2030-06-09 14:30:00.000+0000,0,2030-06-09 14:33:59.420+0000,PAR-A-1-C0003800,USR-0211735,hincha_211735,VISITANTE,93,Esa defensa está dormida,es,PUBLICADO,,,2030-06
PAR-A-1,2030-06-09 14:30:00.000+0000,0,2030-06-09 14:36:09.260+0000,PAR-A-1-C0004000,USR-0165059,hincha_165059,LOCAL,96,What a save!,en,PUBLICADO,,,2030-06
PAR-A-1,2030-06-09 14:30:00.000+0000,0,2030-06-09 14:39:54.109+0000,PAR-A-1-C0004200,USR-0220271,hincha_220271,LOCAL,99,What a save!,es,PUBLICADO,,,2030-06
PAR-A-1,2030-06-09 14:40:00.000+0000,0,2030-06-09 14:47:54.646+0000,PAR-A-1-C0004400,USR-0042100,hincha_42100,LOCAL,107,Con esta hinchada no se puede perder,pt,PUBLICADO,,PAR-A-1-C0004202,2030-06
PAR-A-1,2030-06-09 14:50:00.000+0000,0,2030-06-09 14:58:00.943+0000,PAR-A-1-C0004600,USR-0027732,hincha_27732,LOCAL,118,"Tarjeta roja, se va a las duchas",pt,PUBLICADO,,,2030-06
PAR-A-1,2030-06-09 15:00:00.000+0000,0,2030-06-09 15:00:48.744+0000,PAR-A-1-C0004633,USR-0000038,hincha_38,LOCAL,120,Allez les bleus,es,PUBLICADO,,,2030-06
PAR-D16-01,2030-06-29 15:50:00.000+0000,2,2030-06-29 15:55:15.073+0000,PAR-D16-01-C0008000,USR-0076893,hincha_76893,LOCAL,0,Increíble lo de este partido,pt,PUBLICADO,,,2030-06
PAR-D16-01,2030-06-29 16:00:00.000+0000,3,2030-06-29 16:01:48.201+0000,PAR-D16-01-C0013428,USR-0000038,hincha_38,VISITANTE,1,Qué atajada del arquero!!,en,PENDIENTE,,,2030-06
PAR-D16-01,2030-06-29 16:00:00.000+0000,1,2030-06-29 16:03:52.344+0000,PAR-D16-01-C0016000,USR-0206564,hincha_206564,VISITANTE,3,Esa defensa está dormida,es,PUBLICADO,,,2030-06
PAR-D16-01,2030-06-29 16:00:00.000+0000,2,2030-06-29 16:09:21.907+0000,PAR-D16-01-C0024000,USR-0003783,hincha_3783,NEUTRAL,9,Ese pase fue de otro planeta,es,PUBLICADO,,,2030-06
PAR-D16-01,2030-06-29 16:10:00.000+0000,2,2030-06-29 16:15:30.333+0000,PAR-D16-01-C0032000,USR-0011805,hincha_11805,LOCAL,15,Allez les bleus,pt,PUBLICADO,,,2030-06
PAR-D16-01,2030-06-29 16:20:00.000+0000,1,2030-06-29 16:21:48.220+0000,PAR-D16-01-C0040000,USR-0019559,hincha_19559,LOCAL,21,What a save!,fr,PUBLICADO,,,2030-06
PAR-D16-01,2030-06-29 16:20:00.000+0000,2,2030-06-29 16:27:04.501+0000,PAR-D16-01-C0048000,USR-0046954,hincha_46954,LOCAL,27,Ese pase fue de otro planeta,es,PUBLICADO,,,2030-06
PAR-D16-01,2030-06-29 16:30:00.000+0000,1,2030-06-29 16:31:13.039+0000,PAR-D16-01-C0056000,USR-0202142,hincha_202142,LOCAL,31,"Partidazo, se viene la remontada",en,PUBLICADO,,,2030-06
PAR-D16-01,2030-06-29 16:30:00.000+0000,3,2030-06-29 16:31:07.012+0000,PAR-D16-01-C0061180,USR-0000038,hincha_38,VISITANTE,31,Increíble lo de este partido,es,PUBLICADO,,PAR-D16-01-C0061088,2030-06
PAR-D16-01,2030-06-29 16:30:00.000+0000,3,2030-06-29 16:32:45.775+0000,PAR-D16-01-C0062108,USR-0000038,hincha_38,LOCAL,32,Ese pase fue de otro planeta,es,PUBLICADO,,,2030-06
PAR-D16-01,2030-06-29 16:30:00.000+0000,2,2030-06-29 16:32:14.425+0000,PAR-D16-01-C0064000,USR-0046475,hincha_46475,LOCAL,32,"Joga bonito, que time",en,PUBLICADO,,,2030-06
PAR-D16-01,2030-06-29 16:30:00.000+0000,2,2030-06-29 16:33:16.190+0000,PAR-D16-01-C0072000,USR-0032147,hincha_32147,LOCAL,33,Allez les bleus,es,PUBLICADO,,,2030-06
PAR-D16-01,2030-06-29 16:30:00.000+0000,2,2030-06-29 16:34:57.327+0000,PAR-D16-01-C0074837,USR-0000038,hincha_38,LOCAL,34,"Partidazo, se viene la remontada",en,PUBLICADO,,,2030-06
PAR-D16-01,2030-06-29 16:30:00.000+0000,0,2030-06-29 16:36:51.482+0000,PAR-D16-01-C0080000,USR-0169134,hincha_169134,VISITANTE,36,Nos vemos en la próxima ronda,es,PUBLICADO,,,2030-06
PAR-D16-01,2030-06-29 16:40:00.000+0000,3,2030-06-29 16:42:48.328+0000,PAR-D16-01-C0088000,USR-0079184,hincha_79184,LOCAL,42,"Árbitro, era penal clarísimo",ar,PUBLICADO,,PAR-D16-01-C0087884,2030-06
PAR-D16-01,2030-06-29 16:40:00.000+0000,0,2030-06-29 16:48:25.498+0000,PAR-D16-01-C0096000,USR-0178566,hincha_178566,VISITANTE,48,Se nos escapa el partido,es,PUBLICADO,,,2030-06
PAR-D16-01,2030-06-29 16:40:00.000+0000,3,2030-06-29 16:49:06.476+0000,PAR-D16-01-C0104000,USR-0127546,hincha_127546,VISITANTE,49,"Cambio ya, el 9 no la toca",en,PUBLICADO,,,2030-06
PAR-D16-01,2030-06-29 16:50:00.000+0000,3,2030-06-29 16:50:16.263+0000,PAR-D16-01-C0112000,USR-0059074,hincha_59074,LOCAL,50,"El VAR está mirando, esperemos",ar,PUBLICADO,,,2030-06
PAR-D16-01,2030-06-29 16:50:00.000+0000,0,2030-06-29 16:59:06.373+0000,PAR-D16-01-C0120000,USR-0000890,hincha_890,VISITANTE,59,Nos vemos en la próxima ronda,ar,PUBLICADO,,,2030-06
PAR-D16-01,2030-06-29 17:00:00.000+0000,1,2030-06-29 17:01:23.424+0000,PAR-D16-01-C0122510,USR-0000038,hincha_38,VISITANTE,61,"Árbitro, era penal clarísimo",en,PUBLICADO,,,2030-06
PAR-D16-01,2030-06-29 17:00:00.000+0000,3,2030-06-29 17:03:00.418+0000,PAR-D16-01-C0128000,USR-0122957,hincha_122957,VISITANTE,63,"Árbitro, era penal clarísimo",en,PUBLICADO,,,2030-06
PAR-D16-01,2030-06-29 17:00:00.000+0000,2,2030-06-29 17:04:05.307+0000,PAR-D16-01-C0134302,USR-0000038,hincha_38,VISITANTE,64,Allez les bleus,es,PUBLICADO,,,2030-06
PAR-D16-01,2030-06-29 17:00:00.000+0000,0,2030-06-29 17:04:05.929+0000,PAR-D16-01-C0136000,USR-0057866,hincha_57866,LOCAL,64,Con esta hinchada no se puede perder,es,PUBLICADO,,,2030-06
PAR-D16-01,2030-06-29 17:00:00.000+0000,3,2030-06-29 17:04:54.939+0000,PAR-D16-01-C0140072,USR-0000038,hincha_38,LOCAL,64,Se nos escapa el partido,fr,PUBLICADO,,,2030-06
PAR-D16-01,2030-06-29 17:00:00.000+0000,3,2030-06-29 17:05:27.516+0000,PAR-D16-01-C0144000,USR-0050749,hincha_50749,NEUTRAL,65,"Qué golazo, no lo puedo creer",es,PUBLICADO,,,2030-06
PAR-D16-01,2030-06-29 17:00:00.000+0000,3,2030-06-29 17:09:01.802+0000,PAR-D16-01-C0152000,USR-0125122,hincha_125122,LOCAL,69,Allez les bleus,en,PUBLICADO,,PAR-D16-01-C0151996,2030-06
PAR-D16-01,2030-06-29 17:10:00.000+0000,0,2030-06-29 17:15:21.669+0000,PAR-D16-01-C0160000,USR-0200894,hincha_200894,VISITANTE,75,Esa defensa está dormida,en,PUBLICADO,,,2030-06
PAR-D16-01,2030-06-29 17:20:00.000+0000,3,2030-06-29 17:21:22.685+0000,PAR-D16-01-C0168000,USR-0127974,hincha_127974,VISITANTE,81,"Primer tiempo aburrido, a ver el segundo",es,PUBLICADO,,,2030-06
PAR-D16-01,2030-06-29 17:20:00.000+0000,0,2030-06-29 17:24:29.498+0000,PAR-D16-01-C0172154,USR-0000038,hincha_38,VISITANTE,84,What a save!,pt,PUBLICADO,,,2030-06
PAR-D16-01,2030-06-29 17:20:00.000+0000,0,2030-06-29 17:25:51.871+0000,PAR-D16-01-C0176000,USR-0069266,hincha_69266,VISITANTE,85,"Qué golazo, no lo puedo creer",fr,PUBLICADO,,,2030-06
PAR-D16-01,2030-06-29 17:20:00.000+0000,2,2030-06-29 17:27:48.950+0000,PAR-D16-01-C0184000,USR-0067858,hincha_67858,VISITANTE,87,Ese pase fue de otro planeta,es,OCULTO,LENGUAJE_OFENSIVO,,2030-06
PAR-D16-01,2030-06-29 17:20:00.000+0000,1,2030-06-29 17:28:37.058+0000,PAR-D16-01-C0184956,USR-0000038,hincha_38,LOCAL,88,"El VAR está mirando, esperemos",pt,PUBLICADO,,,2030-06
PAR-D16-01,2030-06-29 17:20:00.000+0000,2,2030-06-29 17:28:31.812+0000,PAR-D16-01-C0192000,USR-0026526,hincha_26526,VISITANTE,88,"Partidazo, se viene la remontada",fr,PUBLICADO,,,2030-06
PAR-D16-01,2030-06-29 17:20:00.000+0000,0,2030-06-29 17:28:58.186+0000,PAR-D16-01-C0192436,USR-0000038,hincha_38,LOCAL,88,"Faltan 5 minutos, aguanten",pt,PUBLICADO,,,2030-06
PAR-D16-01,2030-06-29 17:20:00.000+0000,1,2030-06-29 17:28:26.509+0000,PAR-D16-01-C0193506,USR-0000038,hincha_38,LOCAL,88,Con esta hinchada no se puede perder,es,PUBLICADO,,,2030-06
PAR-D16-01,2030-06-29 17:20:00.000+0000,2,2030-06-29 17:29:19.168+0000,PAR-D16-01-C0200000,USR-0075261,hincha_75261,LOCAL,89,"Joga bonito, que time",en,PUBLICADO,,,2030-06
PAR-D16-01,2030-06-29 17:20:00.000+0000,3,2030-06-29 17:29:22.285+0000,PAR-D16-01-C0203900,USR-0000038,hincha_38,LOCAL,89,"Qué golazo, no lo puedo creer",es,PUBLICADO,,PAR-D16-01-C0203705,2030-06
PAR-D16-01,2030-06-29 17:30:00.000+0000,1,2030-06-29 17:30:42.648+0000,PAR-D16-01-C0208000,USR-0063918,hincha_63918,LOCAL,90,Vamos equipo! Hoy se gana,en,OCULTO,LENGUAJE_OFENSIVO,,2030-06
PAR-D16-01,2030-06-29 17:30:00.000+0000,3,2030-06-29 17:30:35.684+0000,PAR-D16-01-C0213781,USR-0000038,hincha_38,VISITANTE,90,"Faltan 5 minutos, aguanten",es,PUBLICADO,,,2030-06
PAR-D16-01,2030-06-29 17:30:00.000+0000,2,2030-06-29 17:30:45.577+0000,PAR-D16-01-C0216000,USR-0058863,hincha_58863,LOCAL,90,"Joga bonito, que time",es,PUBLICADO,,,2030-06
PAR-D16-01,2030-06-29 17:30:00.000+0000,1,2030-06-29 17:31:43.967+0000,PAR-D16-01-C0224000,USR-0094298,hincha_94298,VISITANTE,91,Se nos escapa el partido,en,PUBLICADO,,,2030-06
PAR-D16-01,2030-06-29 17:30:00.000+0000,1,2030-06-29 17:31:11.743+0000,PAR-D16-01-C0232000,USR-0138153,hincha_138153,NEUTRAL,91,"Árbitro, era penal clarísimo",pt,PUBLICADO,,,2030-06
PAR-D16-01,2030-06-29 17:30:00.000+0000,2,2030-06-29 17:32:20.722+0000,PAR-D16-01-C0240000,USR-0205418,hincha_205418,VISITANTE,92,"Cambio ya, el 9 no la toca",pt,PUBLICADO,,,2030-06
PAR-D16-01,2030-06-29 17:30:00.000+0000,2,2030-06-29 17:33:06.636+0000,PAR-D16-01-C0241943,USR-0000038,hincha_38,LOCAL,93,Allez les bleus,es,PUBLICADO,,,2030-06
PAR-D16-01,2030-06-29 17:30:00.000+0000,1,2030-06-29 17:34:08.595+0000,PAR-D16-01-C0248000,USR-0010273,hincha_10273,LOCAL,94,"Árbitro, era penal clarísimo",ar,PUBLICADO,,PAR-D16-01-C0247973,2030-06
PAR-D16-01,2030-06-29 17:30:00.000+0000,3,2030-06-29 17:35:07.526+0000,PAR-D16-01-C0253699,USR-0000038,hincha_38,NEUTRAL,95,"Qué golazo, no lo puedo creer",es,PUBLICADO,,,2030-06
PAR-D16-01,2030-06-29 17:30:00.000+0000,2,2030-06-29 17:36:38.477+0000,PAR-D16-01-C0256000,USR-0045237,hincha_45237,LOCAL,96,Increíble lo de este partido,es,PENDIENTE,,,2030-06
PAR-D16-01,2030-06-29 17:30:00.000+0000,1,2030-06-29 17:38:14.616+0000,PAR-D16-01-C0264000,USR-0246113,hincha_246113,VISITANTE,98,"Partidazo, se viene la remontada",es,PUBLICADO,,,2030-06
PAR-D16-01,2030-06-29 17:30:00.000+0000,0,2030-06-29 17:38:48.617+0000,PAR-D16-01-C0264452,USR-0000038,hincha_38,VISITANTE,98,Qué atajada del arquero!!,es,PUBLICADO,,,2030-06
PAR-D16-01,2030-06-29 17:40:00.000+0000,1,2030-06-29 17:40:42.571+0000,PAR-D16-01-C0272000,USR-0044113,hincha_44113,VISITANTE,100,Vamos campeón! Hoy se gana,pt,PUBLICADO,,,2030-06
PAR-D16-01,2030-06-29 17:40:00.000+0000,3,2030-06-29 17:46:22.281+0000,PAR-D16-01-C0280000,USR-0122835,hincha_122835,LOCAL,106,Qué atajada del arquero!!,pt,PUBLICADO,,,2030-06
PAR-D16-01,2030-06-29 17:50:00.000+0000,0,2030-06-29 17:53:35.301+0000,PAR-D16-01-C0288000,USR-0076474,hincha_76474,NEUTRAL,113,"Árbitro, era penal clarísimo",fr,PUBLICADO,,,2030-06
PAR-D16-01,2030-06-29 17:50:00.000+0000,1,2030-06-29 17:56:39.686+0000,PAR-D16-01-C0291231,USR-0000038,hincha_38,NEUTRAL,116,"El VAR está mirando, esperemos",en,PUBLICADO,,PAR-D16-01-C0291168,2030-06
PAR-D16-01,2030-06-29 17:50:00.000+0000,2,2030-06-29 17:57:11.610+0000,PAR-D16-01-C0292519,USR-0000038,hincha_38,LOCAL,117,Ese pase fue de otro planeta,en,PUBLICADO,,,2030-06
PAR-D16-01,2030-06-29 18:00:00.000+0000,3,2030-06-29 18:01:23.912+0000,PAR-D16-01-C0296000,USR-0027852,hincha_27852,VISITANTE,121,Vamos campeón! Hoy se gana,en,PUBLICADO,,,2030-06
PAR-D16-01,2030-06-29 18:00:00.000+0000,1,2030-06-29 18:04:45.946+0000,PAR-D16-01-C0299344,USR-0000038,hincha_38,LOCAL,124,Increíble lo de este partido,es,PUBLICADO,,,2030-06
